participant_id,session_id,recording_id,rep_number,recorded_at_utc,source,tracked_side,min_knee_angle,max_knee_angle,knee_rom,knee_angle_at_bottom,max_descent_knee_velocity,max_ascent_knee_velocity,min_hip_angle,max_hip_angle,hip_rom,hip_angle_at_bottom,hip_vertical_drop,hip_knee_depth_at_bottom,min_ankle_angle,max_ankle_angle,ankle_rom,ankle_angle_at_bottom,standing_torso_lean,torso_lean_at_bottom,max_torso_lean,torso_lean_range,heel_lift_max,heel_lift_bottom_fraction,hip_shoulder_rise_difference,movement_smoothness,rep_duration,descent_duration,bottom_duration,ascent_duration,descent_ascent_ratio,pose_visibility_mean,pose_visibility_min,valid_frame_ratio,valid_frame_count,err_shallow_depth,err_incomplete_lockout,err_heel_lift,err_excessive_torso_lean,err_chest_collapse,err_uncontrolled_tempo,is_good
p001,20260722_183858,0,1,2026-07-22T15:39:47.909421+00:00,0,left,91.120977,170.182283,79.061306,91.255128,169.775126,173.779109,86.96825,165.486234,78.517985,86.96825,0.264233,-0.08421,105.53711,123.154752,17.617642,106.544963,2.413495,25.826669,26.266671,20.377413,0.019091,0.0,0.004349,243.298611,1.906,0.609,0.203,0.937,0.649947,0.989368,0.985561,0.909091,20.0,0,0,0,0,0,0,1
p001,20260722_183858,0,2,2026-07-22T15:40:04.150744+00:00,0,left,116.362934,171.989278,55.626343,118.285849,0.0,199.604397,110.67603,164.13482,53.45879,115.25697,0.185848,-0.154464,105.303307,119.446876,14.143569,105.812922,2.413495,19.064242,21.987848,14.336968,0.008519,0.0,0.0,216.740134,1.594,0.0,0.563,0.844,0.0,0.988121,0.982859,1.0,19.0,0,0,0,0,0,0,0
p001,20260722_183858,0,3,2026-07-22T15:40:17.095404+00:00,0,left,89.176159,172.903918,83.72776,89.176159,45.638135,181.431264,84.124992,167.622864,83.497872,84.124992,0.279356,-0.070471,105.870859,122.753326,16.882467,107.066584,2.413495,27.818218,27.818218,21.895839,0.020951,0.0,0.0,472.939429,1.515,0.359,0.078,0.89,0.403371,0.988136,0.982639,0.944444,17.0,0,0,0,0,0,0,1
p001,20260722_183858,0,4,2026-07-22T15:40:53.174491+00:00,0,left,93.404538,166.16335,72.758812,93.404538,130.863802,295.310922,89.42121,162.952356,73.531146,89.42121,0.260865,-0.085595,104.745426,112.020446,7.27502,107.070471,2.413495,25.074581,25.074581,17.748821,0.020479,0.0,0.0,164.519625,1.593,0.328,0.187,0.89,0.368539,0.991162,0.986463,1.0,19.0,0,0,0,0,0,0,0
p001,20260722_183858,0,5,2026-07-22T15:41:09.523010+00:00,0,left,104.230793,167.769198,63.538405,104.230793,157.969353,187.860382,97.962297,165.530247,67.567949,97.962297,0.235338,-0.103875,107.158909,121.553249,14.394341,107.845799,2.413495,26.619635,27.62925,22.533249,0.019014,0.0,0.0,274.129061,1.719,0.266,0.187,0.797,0.333752,0.990814,0.987083,0.85,17.0,0,0,0,0,0,0,1
p002,20260722_213243,0,2,2026-07-22T18:40:29.895515+00:00,0,right,72.17404,175.909429,103.735389,72.533156,205.289661,265.283441,63.522218,169.595244,106.073026,64.378858,0.420931,-0.01592,99.259207,112.870599,13.611392,100.366501,3.585084,30.178091,30.355992,25.331548,0.0,0.0,0.001773,519.262155,2.109,0.843,0.328,0.844,0.998815,0.990922,0.98325,1.0,46.0,0,0,0,0,0,0,1
p002,20260722_213243,0,3,2026-07-22T18:41:05.548222+00:00,0,right,121.430367,164.903037,43.47267,126.036755,80.297803,302.092569,131.33807,177.686333,46.348263,135.851826,0.179805,-0.187074,107.266298,129.385791,22.119492,127.350767,3.585084,8.780178,14.649346,13.995863,0.05125,0.0,0.0,111.180786,2.906,1.218,0.516,1.078,1.12987,0.969544,0.948431,1.0,63.0,0,0,0,0,0,0,0
p002,20260722_213243,0,4,2026-07-22T18:41:19.172055+00:00,0,right,72.809706,177.409896,104.60019,84.073423,157.881638,267.46234,69.794127,174.417346,104.623219,79.62294,0.414829,-0.049109,97.176633,114.411718,17.235085,99.594545,3.585084,25.466711,26.684638,20.510008,0.005648,0.0,0.0,364.624205,2.39,0.609,0.656,1.031,0.590689,0.990517,0.986123,1.0,52.0,0,0,0,0,0,0,1
p002,20260722_213243,0,5,2026-07-22T18:41:29.549429+00:00,0,right,75.045891,174.608557,99.562666,76.974381,131.571099,333.901626,64.450348,165.495712,101.045364,68.119833,0.4204,-0.010826,104.611478,121.894458,17.282981,107.120485,3.585084,25.234537,25.855594,18.216937,0.000531,0.0,0.0,244.578053,2.578,0.937,0.61,0.938,0.998934,0.992172,0.987922,1.0,56.0,0,0,0,0,0,0,1
p002,20260722_213243,0,6,2026-07-22T18:41:49.654920+00:00,0,right,132.117974,168.173459,36.055485,132.46683,136.595093,125.587072,126.037252,168.069642,42.03239,126.412869,0.187094,-0.198851,106.282498,115.566552,9.284053,110.406758,3.585084,18.271963,18.325111,15.155943,0.00424,0.0,0.0,221.608321,1.594,0.609,0.234,0.657,0.926941,0.985338,0.975511,1.0,35.0,0,0,0,0,0,0,0
p002,20260722_213243,0,7,2026-07-22T18:42:07.609939+00:00,0,right,67.628195,173.454683,105.826488,83.780345,176.847584,301.584834,55.74536,162.790818,107.045458,72.643411,0.435962,-0.038548,103.887273,118.041237,14.153963,112.521548,3.585084,28.320474,30.925703,22.04118,0.022306,0.0,0.014934,600.275735,2.484,0.422,0.843,1.125,0.375111,0.99159,0.98568,1.0,54.0,0,0,0,0,0,0,1
p002,20260722_213243,0,8,2026-07-22T18:42:24.694006+00:00,0,right,121.211363,171.82983,50.618467,122.825189,73.565537,125.296683,116.152367,164.41091,48.258543,118.011837,0.213405,-0.185273,107.472302,117.189738,9.717437,112.247968,3.585084,19.40653,20.00371,13.382286,0.009805,0.0,0.0,214.113506,2.468,0.781,0.562,1.031,0.757517,0.990276,0.97434,1.0,54.0,0,0,0,0,0,0,0
p002,20260722_213243,0,9,2026-07-22T18:42:40.574528+00:00,0,right,127.668273,178.520176,50.851903,129.728679,131.939549,153.078178,116.273107,172.405933,56.132827,120.575354,0.183909,-0.196131,116.417266,139.160972,22.743706,126.617214,3.585084,21.293809,23.273038,17.688171,0.022185,0.0,0.001228,318.080095,1.704,0.188,0.562,0.86,0.218605,0.990807,0.985241,1.0,37.0,0,0,0,0,0,0,0
p002,20260722_213243,0,10,2026-07-22T18:42:47.299224+00:00,0,right,126.408546,176.753505,50.344959,127.139126,62.491534,371.314183,123.974398,169.411431,45.437033,126.044791,0.197074,-0.188628,103.122727,122.657792,19.535064,105.750929,3.585084,15.547881,17.48911,9.971817,0.0,0.0,0.004185,554.253795,0.781,0.125,0.188,0.375,0.333333,0.99258,0.98717,1.0,18.0,0,0,0,0,0,0,0
p002,20260722_213243,0,11,2026-07-22T18:42:54.131576+00:00,0,right,126.243367,178.141742,51.898375,126.243367,50.060109,265.07008,133.93103,176.114191,42.183161,133.93103,0.183195,-0.221322,98.693217,117.132487,18.43927,99.259866,3.585084,12.426386,12.571512,8.815774,0.0,0.0,0.0,904.936007,0.734,0.14,0.047,0.469,0.298507,0.990268,0.985982,1.0,17.0,0,0,0,0,0,0,0
p002,20260722_213243,0,12,2026-07-22T18:43:02.970057+00:00,0,right,75.592403,169.76478,94.172376,78.384857,209.513833,402.664043,71.483153,161.526223,90.043069,74.455024,0.419296,-0.03211,102.288574,116.217325,13.928751,103.393909,3.585084,24.401685,25.045285,16.156908,0.0,0.0,0.000734,537.118503,1.968,0.562,0.562,0.734,0.765668,0.986684,0.976199,0.883721,38.0,0,0,0,0,0,0,1
p002,20260722_213243,0,13,2026-07-22T18:43:12.210011+00:00,0,right,77.681739,174.505988,96.824249,79.054641,306.571964,360.089599,65.887016,164.906111,99.019095,68.204464,0.403711,-0.010912,106.758905,121.118293,14.359388,117.791362,3.585084,25.394119,25.903014,16.375152,0.005325,0.0,0.0,705.296716,1.89,0.672,0.328,0.796,0.844221,0.987257,0.975241,1.0,41.0,0,0,0,0,0,0,1
p002,20260722_213243,0,14,2026-07-22T18:43:21.688029+00:00,0,right,69.70662,174.182844,104.476223,70.441503,239.4943,324.787163,59.717247,161.641857,101.92461,60.869349,0.437463,0.006704,106.055424,122.085623,16.030199,118.710447,3.585084,26.930363,27.139845,16.585433,0.009089,0.0,0.0,454.122043,2.125,0.859,0.234,0.938,0.915778,0.991527,0.988041,1.0,46.0,0,0,0,0,0,0,1
p002,20260722_213243,0,17,2026-07-22T18:44:37.060637+00:00,0,left,72.691558,179.054301,106.362744,72.691558,302.523742,377.614204,64.775909,166.107554,101.331646,64.775909,0.439248,-0.013057,99.135302,123.098495,23.963193,100.027735,3.585084,29.834915,29.834915,19.682874,0.010637,0.0,0.00467,686.423583,1.688,0.797,0.047,0.75,1.062667,0.978297,0.967456,0.864865,32.0,0,0,0,0,0,0,1
p002,20260722_213243,0,18,2026-07-22T18:44:43.566313+00:00,0,left,70.811623,178.288609,107.476986,70.811623,242.677858,257.277014,62.844254,164.716004,101.87175,62.844254,0.431151,-0.007275,107.469678,130.156763,22.687084,112.31078,3.585084,29.169232,29.190383,16.933878,0.04052,0.0,0.0,804.739309,1.656,0.797,0.047,0.719,1.108484,0.970941,0.96001,0.944444,34.0,0,0,0,0,0,0,1
p002,20260722_213243,0,19,2026-07-22T18:44:50.292557+00:00,0,left,71.573267,178.740822,107.167555,71.573267,358.669395,431.156219,61.565531,162.085647,100.520116,61.565531,0.434454,-0.007651,99.621559,121.820039,22.19848,101.992119,3.585084,31.15934,31.434209,16.776871,0.01018,0.0,0.02566,464.126654,1.485,0.516,0.047,0.828,0.623188,0.969066,0.946695,1.0,32.0,0,0,0,0,0,0,1
p002,20260722_213243,0,20,2026-07-22T18:45:26.081903+00:00,0,left,70.728506,179.049962,108.321456,70.728506,212.999644,465.362665,62.883665,166.80102,103.917356,62.883665,0.42474,-0.007564,99.145317,117.017773,17.872456,104.5988,3.585084,29.175517,29.175517,18.387235,0.004831,0.0,0.005754,369.097088,1.875,0.797,0.047,0.937,0.850587,0.97894,0.969749,1.0,41.0,0,0,0,0,0,0,1
p002,20260722_213243,0,22,2026-07-22T18:45:41.659761+00:00,0,left,127.999557,175.611997,47.61244,127.999557,88.321338,270.82473,126.02761,169.620786,43.593176,126.02761,0.200359,-0.18889,103.391662,119.315478,15.923816,103.391662,3.585084,19.845878,20.36316,8.658086,0.0,0.0,0.010021,751.297288,0.907,0.235,0.063,0.5,0.47,0.971853,0.964197,1.0,20.0,0,0,0,0,0,0,0
p002,20260722_213243,0,23,2026-07-22T18:45:53.206406+00:00,0,left,122.758692,176.259412,53.500721,122.911776,115.742529,152.473831,110.842044,174.33263,63.490586,111.101055,0.228728,-0.145807,103.765928,115.577053,11.811125,103.84127,3.585084,26.946983,29.073028,23.483644,0.0,0.0,0.009345,407.904333,1.031,0.187,0.094,0.656,0.285061,0.978807,0.965352,1.0,23.0,0,0,0,0,0,0,0
p002,20260722_213243,0,25,2026-07-22T18:51:57.465554+00:00,0,left,83.851476,164.859547,81.008071,105.539646,103.495607,438.854201,130.088735,178.377736,48.289001,160.258109,0.408508,-0.187829,107.055534,135.066428,28.010894,111.250476,3.585084,11.900213,21.947271,18.713181,0.082296,0.652174,0.048011,223.63963,2.719,0.469,1.031,1.125,0.416889,0.972622,0.965187,1.0,59.0,0,0,0,0,0,0,0
p002,20260722_213243,0,26,2026-07-22T18:52:04.749199+00:00,0,left,90.894342,171.830861,80.93652,93.150633,0.0,200.339792,94.327861,178.376697,84.048835,98.440295,0.355581,-0.080034,118.00465,142.132805,24.128155,125.992674,3.585084,17.840177,18.016852,13.611743,0.042075,0.0,0.048823,522.875616,1.094,0.0,0.141,0.906,0.0,0.976293,0.969712,1.0,24.0,0,0,0,0,0,0,0
p002,20260722_213243,0,27,2026-07-22T18:52:17.119780+00:00,0,left,65.895023,179.555019,113.659996,65.895023,226.190473,440.579091,62.401392,165.844093,103.442701,62.401392,0.441553,0.001731,93.774458,120.055739,26.28128,94.328874,3.585084,27.084203,27.939264,16.565734,0.0,0.0,0.006419,845.652148,1.516,0.516,0.047,0.859,0.600698,0.983588,0.972067,1.0,33.0,0,0,0,0,0,0,1
p002,20260722_213243,0,28,2026-07-22T18:52:29.525395+00:00,0,left,65.597819,178.805811,113.207992,65.597819,274.929264,400.851633,56.729797,164.055377,107.32558,56.729797,0.43285,0.002523,88.161859,113.519089,25.35723,88.625191,3.585084,32.279085,33.013377,20.342725,0.0,0.0,0.006046,471.856549,1.829,0.704,0.047,0.985,0.714721,0.981617,0.970853,1.0,40.0,0,0,0,0,0,0,1
p002,20260722_213243,0,29,2026-07-22T18:52:40.561715+00:00,0,left,130.815,175.071469,44.256469,130.815,87.424127,328.238623,138.333936,170.858791,32.524856,138.333936,0.192797,-0.224253,105.842023,121.168367,15.326343,106.161078,3.585084,11.879641,12.0889,5.866977,0.0,0.0,0.000889,450.732721,0.844,0.187,0.094,0.469,0.398721,0.985688,0.980285,1.0,19.0,0,0,0,0,0,0,0
p002,20260722_213243,0,30,2026-07-22T18:52:47.514166+00:00,0,left,124.768503,177.309456,52.540953,124.808787,257.669255,469.602037,124.570887,165.561559,40.990672,124.65383,0.2132,-0.204891,99.501557,119.746361,20.244804,99.776209,3.585084,20.438616,20.736496,6.390144,0.0,0.0,0.0,787.700031,0.891,0.234,0.141,0.422,0.554502,0.981832,0.97204,1.0,20.0,0,0,0,0,0,0,0
p002,20260722_213243,0,31,2026-07-22T18:53:10.828424+00:00,0,left,83.679422,173.558176,89.878754,118.963507,223.176072,240.973269,90.711103,178.304319,87.593216,125.784601,0.337922,-0.201841,102.00894,124.02586,22.016921,122.886533,3.585084,19.1187,22.969594,22.649436,0.051662,0.571429,0.024997,219.276646,4.218,0.515,0.281,3.328,0.154748,0.976501,0.966984,1.0,91.0,0,0,0,0,0,0,0
p002,20260722_213243,0,32,2026-07-22T18:53:17.906526+00:00,0,left,66.029854,176.077222,110.047368,66.029854,399.627235,337.387385,61.055934,164.114142,103.058208,61.055934,0.450636,-0.005641,97.340196,121.697426,24.35723,98.828666,3.585084,30.458643,31.453601,20.174736,0.003377,0.0,0.020813,736.498678,1.672,0.562,0.094,0.922,0.609544,0.969279,0.920936,1.0,36.0,0,0,0,0,0,0,1
p002,20260722_213243,0,33,2026-07-22T18:53:26.494256+00:00,0,left,64.978395,175.864124,110.88573,66.093206,251.033662,367.444832,60.636478,165.283516,104.647038,61.360478,0.446678,0.000497,86.368666,116.545247,30.176581,89.74901,3.585084,28.765671,29.942487,18.542397,0.000568,0.0,0.024197,508.695875,2.015,0.843,0.141,0.937,0.89968,0.98854,0.979036,1.0,44.0,0,0,0,0,0,0,1
p002,20260722_213243,0,35,2026-07-22T18:53:48.202520+00:00,0,left,73.45055,172.989015,99.538465,74.311816,204.227247,230.076501,59.064512,161.523966,102.459454,59.827418,0.415999,-0.006662,89.595292,112.704505,23.109213,90.083108,3.585084,32.216373,32.255312,22.380136,0.0,0.0,0.004503,240.200774,2.485,1.047,0.157,1.204,0.869601,0.986108,0.978263,1.0,54.0,0,0,0,0,0,0,1
p002,20260722_213243,0,36,2026-07-22T18:53:56.248005+00:00,0,left,70.495704,171.162372,100.666668,70.495704,331.786548,280.45031,92.955865,169.286451,76.330586,92.955865,0.333483,-0.095278,124.981755,138.068927,13.087173,136.265568,3.585084,22.442522,30.936442,27.992411,0.097219,1.0,0.092894,406.840041,2.578,0.75,0.047,1.687,0.444576,0.969387,0.947417,1.0,56.0,0,0,0,0,0,0,0
p002,20260722_213243,0,37,2026-07-22T18:54:08.077434+00:00,0,left,110.598015,171.735025,61.13701,110.61115,162.368159,276.868633,112.553156,166.115207,53.562052,113.569002,0.306126,-0.152336,108.103402,122.997125,14.893723,109.320006,3.585084,24.681915,27.969757,26.074093,0.030818,0.0,0.000498,484.346985,1.5,0.609,0.187,0.61,0.998361,0.908868,0.805706,1.0,33.0,0,0,0,0,0,0,0
p002,20260722_213243,0,38,2026-07-22T18:54:17.264520+00:00,0,left,131.249773,177.020135,45.770362,131.249773,99.550411,274.52389,156.837264,171.487809,14.650545,156.837264,0.153376,-0.25224,114.749314,129.769873,15.020558,114.749314,3.585084,0.989261,7.447063,6.59343,0.037155,0.0,0.015662,644.454176,0.703,0.188,0.047,0.375,0.501333,0.943794,0.940717,1.0,16.0,0,0,0,0,0,0,0
p002,20260722_213243,0,40,2026-07-22T18:54:33.897995+00:00,0,left,100.529928,178.286953,77.757025,100.529928,0.0,425.843011,93.033351,163.962704,70.929353,93.033351,0.312858,-0.106482,105.338619,117.460863,12.122245,107.074621,3.585084,28.796965,28.796965,16.671447,0.009315,0.0,0.0,792.070833,0.812,0.0,0.141,0.625,0.0,0.983265,0.976649,0.944444,17.0,0,0,0,0,0,0,1
p002,20260722_213243,0,41,2026-07-22T18:54:57.350834+00:00,0,left,68.163023,179.06817,110.905148,68.163023,298.951926,421.422137,57.507686,168.34327,110.835585,57.507686,0.426995,-0.000689,96.861897,121.287527,24.42563,100.376768,3.585084,33.438989,33.715172,23.293859,0.0,0.0,0.011831,692.772445,1.734,0.562,0.093,0.844,0.665877,0.992224,0.986681,0.921053,35.0,0,0,0,0,0,0,1
p002,20260722_213243,0,42,2026-07-22T18:55:03.882391+00:00,0,left,127.875584,166.305689,38.430105,128.059941,107.588432,254.519685,130.175533,168.531906,38.356373,130.254168,0.212504,-0.17592,112.661367,126.49087,13.829503,112.765785,3.585084,17.065489,17.174529,11.684417,0.01191,0.0,0.0,401.102329,0.937,0.187,0.157,0.5,0.374,0.98973,0.984605,1.0,21.0,0,0,0,0,0,0,0
p002,20260722_213243,0,43,2026-07-22T18:55:19.289744+00:00,0,left,130.559944,179.463451,48.903507,130.942824,86.354033,206.290678,108.915159,166.470796,57.555637,112.105245,0.203453,-0.170293,112.750636,129.965393,17.214758,114.180707,3.585084,32.507732,36.586717,25.811839,0.0,0.0,0.011755,126.795138,2.25,0.282,0.375,1.5,0.188,0.976951,0.958256,1.0,49.0,0,0,0,0,0,0,0
p002,20260722_213243,0,44,2026-07-22T18:55:29.165132+00:00,0,left,77.885062,172.906979,95.021918,81.880124,285.543358,416.125333,74.490837,167.365309,92.874472,78.264066,0.388132,-0.048373,90.016384,112.389185,22.372801,90.578819,3.585084,30.304692,31.718049,24.409873,0.0,0.0,0.0,1044.940814,1.75,0.438,0.437,0.797,0.549561,0.987002,0.974502,0.868421,33.0,0,0,0,0,0,0,1
p002,20260722_213243,0,45,2026-07-22T18:55:38.382017+00:00,0,left,38.263409,179.472547,141.209138,40.709343,291.926845,304.894878,143.861408,178.656542,34.795134,153.534519,0.441121,-0.218032,91.120953,124.342294,33.221341,92.28347,3.585084,7.79161,8.827497,8.610957,0.106392,1.0,0.0,348.497989,3.203,1.125,0.282,1.703,0.660599,0.961625,0.948061,1.0,69.0,0,0,0,0,0,0,0
p002,20260722_213243,0,46,2026-07-22T18:55:46.560875+00:00,0,left,39.578457,173.80805,134.229593,40.234238,304.89979,320.002844,141.063779,173.681294,32.617515,158.770201,0.427636,-0.224964,86.016929,125.238138,39.221209,107.274948,3.585084,8.25666,10.4544,9.201951,0.100811,1.0,0.0,643.019216,2.579,0.844,0.75,0.891,0.94725,0.947661,0.929687,1.0,56.0,0,0,0,0,0,0,0
p002,20260722_213243,0,47,2026-07-22T18:55:55.303149+00:00,0,left,47.76499,170.042461,122.277471,48.721843,0.0,346.721016,143.325736,179.527672,36.201936,143.541317,0.409993,-0.163251,105.298916,113.899047,8.600131,106.112095,3.585084,10.031472,10.031472,8.844604,0.081287,1.0,0.000669,400.444604,1.453,0.0,0.047,1.375,0.0,0.967571,0.954803,1.0,32.0,0,0,0,0,0,0,0
p002,20260722_213243,0,48,2026-07-22T18:56:01.418667+00:00,0,left,91.386527,164.501788,73.115261,91.386527,343.439593,252.732441,154.725461,175.480251,20.754789,154.725461,0.272476,-0.222802,100.27189,120.088971,19.817081,104.714818,3.585084,6.794805,6.79747,6.248587,0.059998,1.0,0.010063,617.652846,1.969,1.125,0.047,0.703,1.600284,0.950053,0.897552,1.0,43.0,0,0,0,0,0,0,0
p002,20260722_213243,0,49,2026-07-22T18:56:07.220178+00:00,0,left,113.432558,178.001221,64.568663,113.516037,119.914833,255.645847,156.920319,177.90842,20.988101,157.137151,0.222619,-0.224596,96.007258,114.76175,18.754492,98.528965,3.585084,5.184556,5.861575,4.568935,0.024716,0.0,0.00487,400.300155,1.266,0.469,0.14,0.563,0.833037,0.959617,0.926234,1.0,28.0,0,0,0,0,0,0,0
p002,20260722_213243,0,50,2026-07-22T18:56:12.448797+00:00,0,left,98.989913,175.151938,76.162025,98.989913,312.341355,486.364885,145.589162,179.54572,33.956559,145.680826,0.267398,-0.205461,98.793067,121.660107,22.86704,108.318095,3.585084,1.815091,4.703432,4.267708,0.047735,0.666667,0.002097,707.619707,1.547,0.844,0.094,0.516,1.635659,0.958548,0.938289,1.0,34.0,0,0,0,0,0,0,0
p002,20260722_213243,0,51,2026-07-22T18:56:19.743889+00:00,0,left,90.664055,167.57529,76.911235,90.664055,306.084813,318.594146,154.516312,177.434125,22.917813,157.977713,0.275067,-0.216875,100.48665,120.173596,19.686946,107.201295,3.585084,10.841109,11.086577,8.783546,0.055936,1.0,0.005523,743.232435,1.406,0.656,0.094,0.563,1.165187,0.948935,0.891334,1.0,31.0,0,0,0,0,0,0,0
p002,20260722_213243,0,52,2026-07-22T18:56:28.177536+00:00,0,left,67.600508,174.54076,106.940252,67.600508,287.710773,432.261262,60.912841,162.835945,101.923104,60.912841,0.433774,0.000355,90.281747,120.337086,30.055339,92.050581,3.585084,29.863316,31.275573,20.796918,0.0,0.0,0.018958,850.074592,1.594,0.469,0.094,0.938,0.5,0.986085,0.97982,1.0,35.0,0,0,0,0,0,0,1
p002,20260722_213243,0,53,2026-07-22T18:56:34.149609+00:00,0,left,69.597228,177.700552,108.103323,69.725021,254.884355,426.362561,61.166577,166.277106,105.110529,61.285465,0.423662,-0.005572,93.300559,122.764725,29.464166,95.278033,3.585084,30.568671,30.76735,19.851598,0.0,0.0,0.004369,696.641122,1.641,0.703,0.094,0.75,0.937333,0.985026,0.96482,1.0,36.0,0,0,0,0,0,0,1
p002,20260722_213243,0,54,2026-07-22T18:56:41.089073+00:00,0,left,72.861732,173.824127,100.962395,79.585318,243.065972,325.344523,55.875062,164.562288,108.687227,64.701833,0.418671,-0.019684,100.72994,118.875358,18.145419,102.086892,3.585084,32.06594,33.56581,28.020503,0.0,0.0,0.0,570.746536,2.125,0.797,0.281,0.953,0.836306,0.98068,0.958583,1.0,46.0,0,0,0,0,0,0,1
p002,20260722_213243,0,55,2026-07-22T18:56:48.211012+00:00,0,left,99.775433,177.73803,77.962597,101.211717,174.784191,270.460059,82.189675,165.93464,83.744966,83.666748,0.309781,-0.099016,102.404348,120.515512,18.111164,103.320637,3.585084,34.900521,35.480262,25.326832,0.0,0.0,0.002395,340.959935,1.735,0.563,0.234,0.844,0.667062,0.986106,0.97756,1.0,38.0,0,0,0,0,0,0,1
p002,20260722_213243,0,56,2026-07-22T18:56:54.618376+00:00,0,left,82.838277,172.0054,89.167123,83.132755,223.7146,345.984356,68.178674,166.176784,97.99811,68.99688,0.380006,-0.035054,103.412599,114.312213,10.899614,106.12963,3.585084,31.921019,32.863381,25.871371,0.0,0.0,0.000777,475.395324,1.734,0.609,0.234,0.797,0.764115,0.979528,0.951979,1.0,38.0,0,0,0,0,0,0,1
p002,20260722_213243,0,57,2026-07-22T18:57:02.677180+00:00,0,left,72.977063,176.671195,103.694132,72.977063,265.762935,458.509958,59.296601,163.589107,104.292507,59.296601,0.413756,-0.013297,96.231967,127.696272,31.464305,98.343617,3.585084,35.014238,36.534263,31.439903,0.0,0.0,0.017092,308.749084,2.187,0.703,0.047,1.344,0.523065,0.984828,0.970557,1.0,48.0,0,0,0,0,0,0,1
p001,session_001,camera_001,2,2026-07-23T12:28:28.333784+00:00,0,left,86.221225,176.027917,89.806692,86.221225,51.233905,253.645376,91.138225,174.538213,83.399988,91.138225,0.325187,-0.08249,105.044611,123.499959,18.455348,105.44786,1.108855,25.21159,25.21159,20.567259,0.005921,0.0,0.000301,275.4511,1.422,0.172,0.094,0.969,0.177503,0.978504,0.960416,1.0,17.0,0,0,0,0,0,0,1
p001,session_001,camera_001,3,2026-07-23T12:28:53.277009+00:00,0,left,89.835373,170.048603,80.21323,89.835373,113.269181,427.601134,111.84387,173.105918,61.262048,111.84387,0.251304,-0.142442,108.884349,118.388559,9.50421,116.775452,1.108855,15.370539,15.968933,13.902187,0.040183,0.0,0.0,215.380122,1.36,0.297,0.156,0.766,0.387728,0.987754,0.980898,1.0,18.0,0,0,0,0,0,0,0
p001,session_001,camera_001,4,2026-07-23T12:29:04.986829+00:00,0,left,89.051059,178.435387,89.384328,89.051059,25.379622,331.922837,95.307944,176.734697,81.426754,95.307944,0.280253,-0.092874,113.115121,132.562226,19.447106,114.718336,1.108855,18.854861,18.854861,14.991255,0.010359,0.0,0.0,178.858939,1.25,0.36,0.094,0.656,0.54878,0.984692,0.968147,0.9375,15.0,0,0,0,0,0,0,1
p001,session_001,camera_001,5,2026-07-23T12:30:43.211804+00:00,0,left,109.261455,174.11209,64.850634,109.737465,4.213432,198.378494,85.093082,174.261367,89.168285,85.99071,0.147483,-0.181798,115.224959,128.21997,12.995011,117.493011,1.108855,44.462499,44.632276,41.664554,0.015154,0.0,0.0,52.170926,1.391,0.094,0.266,0.844,0.111374,0.975365,0.968261,1.0,17.0,0,0,0,0,0,0,0
p001,session_001,camera_001,6,2026-07-23T12:30:53.372955+00:00,0,left,94.658115,167.828294,73.170179,94.658115,46.887144,195.733009,93.803464,169.543163,75.7397,93.803464,0.209272,-0.121616,110.364713,129.325348,18.960635,110.582302,1.108855,27.462018,27.462735,22.342758,0.007634,0.0,0.00586,413.320609,1.312,0.234,0.094,0.797,0.293601,0.988026,0.98173,1.0,16.0,0,0,0,0,0,0,1
p001,session_001,camera_001,7,2026-07-23T12:33:44.634110+00:00,0,left,97.186802,179.394497,82.207695,97.186802,299.894238,211.083299,77.342606,176.858116,99.51551,77.342606,0.225595,-0.128107,108.309046,133.116352,24.807306,118.639276,1.108855,40.778889,44.59269,44.287764,0.018312,0.0,0.018035,136.071754,9.063,7.985,0.078,0.844,9.4609,0.96777,0.95575,0.990654,106.0,0,0,0,0,0,0,0
p001,session_001,camera_001,8,2026-07-23T12:33:58.091177+00:00,0,left,103.298636,171.501417,68.202781,103.511043,16.407065,146.560498,102.587487,174.320024,71.732537,102.587487,0.18653,-0.165084,119.619262,137.08172,17.462458,119.619262,1.108855,25.72454,26.171485,23.666336,0.022021,0.0,0.004761,165.234209,1.25,0.157,0.156,0.796,0.197236,0.991605,0.986375,1.0,17.0,0,0,0,0,0,0,1
p001,session_001,camera_001,9,2026-07-23T12:34:41.292500+00:00,0,left,121.019971,171.397722,50.377752,121.122819,1.516383,105.214898,82.888318,170.707532,87.819214,84.806999,0.121968,-0.194746,117.878371,132.094659,14.216288,119.422327,1.108855,50.079527,52.694938,47.770396,0.020015,0.0,0.010822,155.116558,1.984,0.172,0.547,1.109,0.155095,0.989763,0.98178,1.0,24.0,0,0,0,0,0,0,0
p001,session_001,camera_001,10,2026-07-23T12:35:16.139334+00:00,0,left,97.92689,174.545861,76.618972,97.92689,19.778973,189.062558,97.530434,174.566871,77.036436,97.530434,0.218988,-0.146479,109.306543,127.804402,18.497858,109.562346,1.108855,27.532192,27.532192,23.954516,0.003098,0.0,0.0,244.727587,1.406,0.171,0.109,0.969,0.176471,0.984605,0.970802,1.0,18.0,0,0,0,0,0,0,1
p001,session_001,camera_001,11,2026-07-23T12:36:13.226438+00:00,0,left,88.094428,172.162738,84.06831,94.077277,48.935816,172.124693,79.027394,175.782716,96.755321,82.168824,0.22299,-0.144276,105.061032,120.975069,15.914037,119.545437,1.108855,40.508549,41.978367,39.098635,0.047629,0.333333,0.018375,188.836404,2.297,0.313,0.438,1.359,0.230316,0.983108,0.967047,1.0,28.0,0,0,0,0,0,0,0
p001,session_001,camera_001,12,2026-07-23T12:36:24.330913+00:00,0,left,92.84505,170.922833,78.077783,92.84505,3.919969,191.754881,92.360725,170.784464,78.423739,92.360725,0.235264,-0.116815,111.070361,125.694111,14.623749,111.145701,1.108855,28.241168,28.748369,23.171595,0.007434,0.0,0.0,233.919266,1.344,0.094,0.156,0.922,0.101952,0.987527,0.978993,1.0,16.0,0,0,0,0,0,0,1
p001,session_001,camera_001,13,2026-07-23T12:36:42.091823+00:00,0,left,75.230008,172.926415,97.696407,75.230008,143.282139,213.447496,82.718582,173.091125,90.372542,82.718582,0.064496,-0.068032,114.630713,139.252849,24.622136,136.89037,1.108855,24.382886,31.0133,26.550353,0.072777,1.0,0.049448,192.737902,2.078,0.594,0.125,1.14,0.521053,0.988181,0.980449,1.0,23.0,0,0,0,0,0,0,0
p001,session_001,camera_001,14,2026-07-23T12:37:20.811689+00:00,0,left,84.61132,169.300672,84.689351,84.61132,67.794337,194.562136,82.927469,171.330671,88.403202,82.927469,0.091597,-0.093734,102.729969,119.715938,16.985968,103.996836,1.108855,29.576223,29.920319,24.840965,0.006445,0.0,0.0,437.158211,1.484,0.266,0.172,0.859,0.309662,0.985881,0.981213,1.0,18.0,0,0,0,0,0,0,1
p001,session_001,camera_001,15,2026-07-23T12:38:53.485002+00:00,0,left,106.739748,175.687276,68.947528,106.739748,49.057917,276.421163,160.952451,176.118636,15.166184,161.108971,-0.095138,-0.298587,113.971194,128.743416,14.772221,114.280477,1.108855,8.336116,8.336116,4.259396,0.055781,1.0,0.005759,148.196218,1.172,0.25,0.063,0.703,0.355619,0.985762,0.982781,1.0,15.0,0,0,0,0,0,0,0
p001,session_001,camera_001,1,2026-07-23T12:51:48.597557+00:00,0,left,120.446961,169.315692,48.868731,120.831348,85.89699,132.557425,85.264013,177.737827,92.473814,94.956454,0.112797,-0.181449,104.795197,121.565761,16.770564,111.124025,4.455642,38.376869,58.469847,52.329848,0.014673,0.0,0.025973,311.908269,1.312,0.171,0.281,0.687,0.248908,0.985731,0.984093,1.0,16.0,0,0,0,0,0,0,0
p001,session_001,camera_001,2,2026-07-23T12:52:06.340766+00:00,0,left,85.147499,171.744449,86.596949,85.147499,64.733657,239.995879,79.792862,171.066935,91.274073,79.792862,0.293851,-0.063292,107.771806,121.418623,13.646817,108.364301,4.455642,27.788647,27.788647,23.700829,0.023363,0.0,0.0,362.686344,1.422,0.235,0.094,0.922,0.254881,0.991101,0.983319,1.0,18.0,0,0,0,0,0,0,1
p001,session_001,camera_001,3,2026-07-23T12:52:27.638040+00:00,0,left,100.936167,167.957249,67.021083,100.936167,86.393644,197.564451,112.250194,171.690931,59.440737,115.378398,0.220952,-0.175356,107.997478,125.765721,17.768243,118.196654,4.455642,15.606693,19.653311,15.402152,0.067069,0.666667,0.023563,151.920109,2.407,0.86,0.172,1.188,0.723906,0.981872,0.973203,1.0,29.0,0,0,0,0,0,0,0
p001,session_001,camera_001,4,2026-07-23T12:53:14.693142+00:00,0,left,103.406745,173.395088,69.988343,103.406745,37.113664,261.253201,88.048322,177.463952,89.41563,88.048322,0.216199,-0.090647,121.770677,137.289887,15.519211,121.820939,4.455642,30.653513,30.653513,27.292385,0.02581,0.0,0.0,204.628855,1.375,0.156,0.204,0.859,0.181607,0.9739,0.956993,1.0,17.0,0,0,0,0,0,0,1
p001,session_001,camera_001,5,2026-07-23T12:53:34.340791+00:00,0,left,100.930041,172.640002,71.709961,100.930041,96.667352,183.740242,92.046538,175.306814,83.260276,93.924838,0.132318,-0.11292,121.32341,140.913978,19.590568,140.666801,4.455642,27.556677,31.899398,28.702126,0.084909,1.0,0.038743,172.433263,1.782,0.282,0.172,1.157,0.243734,0.977535,0.961771,1.0,21.0,0,0,0,0,0,0,0
p001,session_001,camera_001,6,2026-07-23T12:53:53.380811+00:00,0,left,95.272071,173.643675,78.371604,95.434398,132.237635,155.088963,85.09395,175.176181,90.082231,85.864265,0.201934,-0.110861,112.042051,140.824522,28.782471,113.110171,4.455642,30.52392,30.81995,28.933585,0.028775,0.0,0.0,214.298292,1.75,0.39,0.157,1.047,0.372493,0.980312,0.957341,1.0,23.0,0,0,0,0,0,0,1
p001,session_001,camera_001,7,2026-07-23T12:54:33.557106+00:00,0,left,86.551908,163.658582,77.106674,86.551908,252.546108,282.375365,80.021233,176.368636,96.347403,80.021233,0.223203,-0.060114,122.059441,141.158127,19.098686,123.233659,4.455642,27.031589,27.031589,22.131477,0.045853,0.5,0.0,467.094485,1.266,0.266,0.11,0.703,0.378378,0.96239,0.94877,1.0,15.0,0,0,0,0,0,0,0
p001,session_001,camera_001,8,2026-07-23T12:54:56.294675+00:00,0,left,90.997889,171.355684,80.357794,90.997889,12.749816,233.978985,83.716704,173.024932,89.308228,83.716704,0.233022,-0.085607,105.091944,128.523774,23.43183,105.104895,4.455642,27.2423,27.857298,25.994153,0.014696,0.0,0.0,353.852667,1.343,0.078,0.172,0.89,0.08764,0.971592,0.955896,1.0,16.0,0,0,0,0,0,0,1
p001,session_001,camera_001,9,2026-07-23T12:55:53.300339+00:00,0,left,109.001304,173.11548,64.114175,109.001304,4.713553,120.008414,108.883836,173.252593,64.368757,109.037957,0.150992,-0.165673,113.834329,134.887556,21.053226,113.915688,4.455642,24.174731,24.276699,23.330561,0.038289,0.0,0.011316,250.416934,1.422,0.079,0.282,0.859,0.091967,0.973053,0.968247,1.0,17.0,0,0,0,0,0,0,0
p001,session_001,camera_001,10,2026-07-23T12:56:08.388762+00:00,0,left,80.587127,172.780892,92.193766,80.587127,51.872958,334.709844,61.386,177.611617,116.225617,61.386,0.250732,-0.042699,126.899412,137.177813,10.278401,126.899412,4.455642,38.318113,55.853568,52.717403,0.058896,1.0,0.121033,95.452026,2.485,0.281,0.078,1.954,0.143808,0.945021,0.931611,1.0,29.0,0,0,0,0,0,0,0
p001,session_001,camera_001,11,2026-07-23T12:56:23.348816+00:00,0,left,83.071335,175.475477,92.404142,83.071335,152.105308,189.407921,71.575572,171.220377,99.644805,71.575572,0.242165,-0.048517,107.824225,133.44811,25.623885,111.588933,4.455642,28.711147,28.711147,24.98915,0.024823,0.0,0.0,215.474382,1.672,0.39,0.078,1.016,0.383858,0.948329,0.938651,1.0,19.0,0,0,0,0,0,0,1
p001,session_001,camera_001,12,2026-07-23T12:56:41.539998+00:00,0,left,106.508483,173.491479,66.982996,106.508483,45.807389,238.080513,96.975285,171.049605,74.07432,96.975285,0.101496,-0.165542,120.08881,129.835605,9.746795,125.091611,4.455642,35.439345,37.932635,32.938049,0.058269,1.0,0.022523,235.944836,1.532,0.172,0.172,1.047,0.164279,0.973246,0.962108,1.0,18.0,0,0,0,0,0,0,0
p001,session_001,camera_001,13,2026-07-23T12:57:54.306249+00:00,0,left,96.085289,168.800755,72.715466,96.085289,0.0,137.579338,92.959293,173.81974,80.860447,92.959293,0.203644,-0.088666,122.113823,138.483584,16.369761,122.28426,4.455642,25.588091,25.588091,22.325745,0.038857,0.0,0.0,228.095812,1.25,0.063,0.093,0.953,0.066107,0.977351,0.963872,1.0,17.0,0,0,0,0,0,0,1
p001,session_001,camera_001,14,2026-07-23T12:58:17.348276+00:00,0,right,104.476274,172.892113,68.415839,107.270171,93.342636,163.196798,94.590062,171.799736,77.209674,94.590062,0.135996,-0.169409,99.83099,145.798112,45.967121,100.367043,4.455642,33.891224,47.893479,42.678453,0.067366,0.0,0.076832,65.955602,2.828,0.282,0.281,2.093,0.134735,0.977047,0.9699,1.0,32.0,0,0,0,0,0,0,0
p001,session_001,camera_001,15,2026-07-23T12:58:29.908329+00:00,0,right,91.933292,174.25255,82.319258,91.933292,6.203004,157.643675,81.139141,170.572031,89.43289,81.139141,0.207519,-0.088549,97.942047,122.191031,24.248983,98.206311,4.455642,31.170034,31.577951,25.456044,0.007077,0.0,0.0,341.221449,1.578,0.094,0.188,1.109,0.084761,0.977436,0.966677,1.0,18.0,0,0,0,0,0,0,1
p001,session_001,camera_001,16,2026-07-23T12:58:55.507630+00:00,0,right,105.442879,170.66614,65.223261,105.442879,12.134517,152.503704,103.696714,171.852364,68.15565,103.696714,0.061562,-0.140333,117.040551,135.91911,18.878559,134.511565,4.455642,24.667881,32.725305,27.67406,0.075536,1.0,0.046924,74.827847,1.656,0.172,0.078,1.234,0.139384,0.985275,0.979113,1.0,20.0,0,0,0,0,0,0,0
p001,session_001,camera_001,17,2026-07-23T12:59:24.515192+00:00,0,right,86.638868,173.786502,87.147634,86.901555,13.729188,213.929476,87.780468,170.402908,82.62244,88.012147,0.223945,-0.074988,96.939701,121.559299,24.619598,96.939701,4.455642,24.048557,24.42395,19.246272,0.00083,0.0,0.007755,175.503653,1.532,0.188,0.172,0.985,0.190863,0.988032,0.985633,1.0,18.0,0,0,0,0,0,0,1
p001,session_001,camera_001,2,2026-07-23T13:11:03.711035+00:00,0,right,84.402586,172.072096,87.66951,84.549169,64.688104,304.696706,83.075037,171.80538,88.730343,83.57213,0.219053,-0.061509,96.146556,117.358578,21.212022,97.301541,3.789443,21.215839,21.220225,20.117037,0.0,0.0,0.002396,263.187612,1.5,0.172,0.187,0.953,0.180483,0.988618,0.983692,1.0,18.0,0,0,0,0,0,0,1
p001,session_001,camera_001,3,2026-07-23T13:11:19.340403+00:00,0,right,114.060892,164.865061,50.80417,114.060892,58.904183,242.768982,152.776162,176.069667,23.293505,154.941968,0.052264,-0.250487,111.35411,123.091456,11.737345,113.105037,3.789443,8.238102,21.524053,19.398112,0.028627,0.0,0.0,175.743389,1.297,0.328,0.093,0.672,0.488095,0.988097,0.982169,1.0,16.0,0,0,0,0,0,0,0
p001,session_001,camera_001,6,2026-07-23T13:12:02.365480+00:00,0,left,84.020976,170.428151,86.407174,84.020976,116.317699,316.732375,83.37174,175.18629,91.81455,83.37174,0.216692,-0.069933,129.844541,136.578079,6.733538,129.844541,3.789443,25.949684,25.949684,22.336375,0.010094,0.0,0.005676,280.931814,1.313,0.266,0.203,0.688,0.386628,0.993957,0.992227,1.0,16.0,0,0,0,0,0,0,1
p001,session_001,camera_001,7,2026-07-23T13:12:15.518149+00:00,0,left,90.324499,169.276853,78.952354,90.404097,107.86762,206.832032,104.634193,175.515449,70.881255,104.667985,0.127284,-0.114524,130.464963,145.28253,14.817567,143.032096,3.789443,14.99193,15.790811,13.387342,0.065307,1.0,0.0,71.65195,1.344,0.25,0.234,0.688,0.363372,0.99436,0.993351,1.0,17.0,0,0,0,0,0,0,0
p001,session_001,camera_001,8,2026-07-23T13:12:32.012653+00:00,0,left,91.60081,171.650269,80.049459,91.60081,69.78988,224.781731,90.757431,176.716542,85.959112,90.757431,0.172948,-0.099061,132.614643,137.903354,5.288712,132.8627,3.789443,27.66482,27.66482,24.253289,0.013667,0.0,0.0,447.371027,1.266,0.156,0.078,0.844,0.184834,0.995525,0.99378,1.0,16.0,0,0,0,0,0,0,1
p001,session_001,camera_001,9,2026-07-23T13:12:45.469318+00:00,0,left,107.434929,179.446682,72.011752,107.434929,240.064602,190.587438,108.838806,178.957851,70.119045,114.464048,0.041764,-0.224287,114.850272,140.217892,25.36762,119.194173,3.789443,20.597932,27.335814,25.902955,0.008646,0.0,0.0,239.019177,4.125,3.312,0.094,0.563,5.882771,0.982171,0.972703,1.0,50.0,0,0,0,0,0,0,0
p001,session_001,camera_001,10,2026-07-23T13:12:56.446252+00:00,0,left,92.000533,172.436929,80.436397,92.000533,58.354079,186.15381,88.465064,174.613651,86.148587,88.465064,0.178649,-0.112905,120.82603,137.558278,16.732248,120.82603,3.789443,31.023935,31.023935,26.404592,0.003503,0.0,0.033674,431.053768,1.312,0.234,0.078,0.812,0.288177,0.994923,0.989162,1.0,17.0,0,0,0,0,0,0,1
p001,session_001,camera_001,12,2026-07-23T13:13:19.710971+00:00,0,left,97.856943,175.637387,77.780444,106.476965,5.9796,242.394562,100.492657,175.697475,75.204818,109.234143,0.139461,-0.161778,124.928107,140.106343,15.178236,128.83123,3.789443,23.058865,25.672066,23.358234,0.017397,0.0,0.0,385.107009,1.562,0.234,0.469,0.671,0.348733,0.990528,0.988445,1.0,18.0,0,0,0,0,0,0,0
p001,session_001,camera_001,13,2026-07-23T13:13:48.094530+00:00,0,left,86.999051,174.998712,87.999661,86.999051,80.987734,252.68114,85.303328,171.696292,86.392964,85.303328,0.222865,-0.080571,105.122847,123.056404,17.933557,105.122847,3.789443,26.90438,26.90438,22.210499,0.0,0.0,0.005266,408.315036,1.484,0.312,0.078,0.906,0.344371,0.989413,0.98114,1.0,17.0,0,0,0,0,0,0,1
